id,Kingdom
10129,pln
10130,vrl
10131,pln
10132,pln
10133,inv
10134,inv
10135,inv
10136,pln
10137,vrt
10138,pln
10139,bct
10140,vrl
10141,pln
10142,bct
10143,vrl
10144,bct
10145,mam
10146,pln
10147,pln
10148,vrl
10149,bct
10150,pln
10151,pln
10152,inv
10153,bct
10154,pln
10155,vrt
10156,bct
10157,pln
10158,vrl
10159,pln
10160,vrt
10161,vrt
10162,bct
10163,bct
10164,vrt
10165,pri
10166,vrl
10167,bct
10168,bct
10169,bct
10170,bct
10171,vrl
10172,vrl
10173,vrl
10174,mam
10175,inv
10176,vrl
10177,vrt
10178,pln
10179,bct
10180,phg
10181,bct
10182,pln
10183,inv
10184,rod
10185,bct
10186,pln
10187,pln
10188,bct
10189,inv
10190,pln
10191,pln
10192,inv
10193,vrt
10194,vrl
10195,bct
10196,pln
10197,pln
10198,pln
10199,bct
10200,bct
10201,pln
10202,pln
10203,vrt
10204,pln
10205,vrt
10206,vrt
10207,bct
10208,pln
10209,phg
10210,bct
10211,inv
10212,vrl
10213,pln
10214,bct
10215,inv
10216,vrl
10217,pln
10218,vrl
10219,mam
10220,inv
10221,bct
10222,pln
10223,pln
10224,vrl
10225,bct
10226,vrl
10227,pln
10228,pln
10229,vrt
10230,pln
10231,bct
10232,vrl
10233,bct
10234,vrt
10235,pln
10236,bct
10237,vrl
10238,bct
10239,vrt
10240,vrl
10241,rod
10242,vrt
10243,vrt
10244,vrl
10245,bct
10246,bct
10247,mam
10248,bct
10249,bct
10250,bct
10251,vrl
10252,pln
10253,phg
10254,bct
10255,vrl
10256,bct
10257,pln
10258,vrl
10259,inv
10260,vrl
10261,bct
10262,vrt
10263,vrl
10264,pln
10265,bct
10266,inv
10267,vrl
10268,vrt
10269,bct
10270,vrl
10271,vrl
10272,vrt
10273,vrt
10274,bct
10275,inv
10276,vrt
10277,pln
10278,bct
10279,vrl
10280,vrl
10281,vrt
10282,pln
10283,inv
10284,inv
10285,inv
10286,inv
10287,pln
10288,inv
10289,bct
10290,vrt
10291,bct
10292,pln
10293,pln
10294,pln
10295,inv
10296,mam
10297,vrl
10298,vrl
10299,pln
10300,pln
10301,vrl
10302,vrt
10303,bct
10304,pln
10305,bct
10306,inv
10307,bct
10308,vrt
10309,inv
10310,bct
10311,pln
10312,bct
10313,pln
10314,pln
10315,vrt
10316,vrt
10317,vrt
10318,vrt
10319,pln
10320,vrl
10321,vrl
10322,bct
10323,mam
10324,vrl
10325,bct
10326,vrt
10327,vrl
10328,bct
10329,pln
10330,pln
10331,bct
10332,vrl
10333,vrl
10334,pln
10335,vrl
10336,pln
10337,vrl
10338,pln
10339,pln
10340,bct
10341,vrl
10342,vrt
10343,pln
10344,inv
10345,vrt
10346,vrt
10347,pln
10348,bct
10349,vrl
10350,inv
10351,pln
10352,bct
10353,vrl
10354,vrt
10355,pln
10356,pln
10357,vrl
10358,bct
10359,vrl
10360,bct
10361,vrt
10362,vrl
10363,vrl
10364,vrl
10365,bct
10366,mam
10367,vrt
10368,vrt
10369,pln
10370,pln
10371,pln
10372,bct
10373,bct
10374,mam
10375,bct
10376,vrl
10377,pln
10378,vrl
10379,mam
10380,bct
10381,bct
10382,bct
10383,vrl
10384,vrl
10385,vrt
10386,pln
10387,vrl
10388,rod
10389,vrl
10390,vrl
10391,vrt
10392,bct
10393,vrl
10394,pln
10395,pln
10396,vrl
10397,bct
10398,bct
10399,phg
10400,pln
10401,vrl
10402,inv
10403,pln
10404,inv
10405,vrt
10406,bct
10407,bct
10408,mam
10409,bct
10410,pln
10411,inv
10412,inv
10413,inv
10414,inv
10415,pln
10416,inv
10417,vrl
10418,arc
10419,bct
10420,pln
10421,vrt
10422,bct
10423,vrt
10424,mam
10425,mam
10426,pln
10427,inv
10428,mam
10429,bct
10430,bct
10431,bct
10432,pln
10433,vrl
10434,vrl
10435,vrt
10436,vrt
10437,inv
10438,vrl
10439,vrl
10440,vrt
10441,vrl
10442,inv
10443,pln
10444,inv
10445,inv
10446,vrl
10447,pln
10448,pln
10449,pln
10450,inv
10451,pln
10452,pln
10453,vrt
10454,inv
10455,pln
10456,vrl
10457,bct
10458,vrt
10459,pln
10460,pln
10461,inv
10462,vrl
10463,vrt
10464,vrl
10465,pln
10466,vrl
10467,inv
10468,inv
10469,vrl
10470,vrl
10471,vrt
10472,pln
10473,vrt
10474,vrl
10475,bct
10476,vrt
10477,inv
10478,pln
10479,vrt
10480,pln
10481,vrt
10482,vrl
10483,pln
10484,bct
10485,bct
10486,bct
10487,pln
10488,vrt
10489,vrt
10490,inv
10491,bct
10492,vrt
10493,inv
10494,bct
10495,vrt
10496,vrt
10497,pln
10498,pri
10499,mam
10500,pln
10501,vrl
10502,vrt
10503,vrt
10504,pln
10505,pln
10506,vrl
10507,pln
10508,bct
10509,bct
10510,pln
10511,bct
10512,pln
10513,vrt
10514,vrl
10515,bct
10516,pln
10517,pln
10518,pln
10519,pln
10520,vrt
10521,vrt
10522,pln
10523,pln
10524,vrt
10525,vrt
10526,vrt
10527,pln
10528,pln
10529,bct
10530,vrl
10531,mam
10532,vrt
10533,bct
10534,mam
10535,bct
10536,vrt
10537,bct
10538,vrl
10539,inv
10540,inv
10541,bct
10542,bct
10543,mam
10544,pln
10545,bct
10546,mam
10547,bct
10548,vrt
10549,bct
10550,pln
10551,pln
10552,phg
10553,pln
10554,pln
10555,vrl
10556,bct
10557,vrt
10558,mam
10559,vrl
10560,vrt
10561,bct
10562,vrl
10563,vrt
10564,mam
10565,bct
10566,vrl
10567,pln
10568,vrl
10569,vrl
10570,inv
10571,vrl
10572,vrl
10573,vrl
10574,bct
10575,rod
10576,vrl
10577,bct
10578,bct
10579,vrt
10580,mam
10581,pln
10582,vrl
10583,vrl
10584,mam
10585,bct
10586,vrl
10587,bct
10588,vrl
10589,vrt
10590,vrl
10591,pln
10592,vrl
10593,pln
10594,bct
10595,bct
10596,vrt
10597,inv
10598,vrl
10599,bct
10600,vrl
10601,mam
10602,vrl
10603,vrl
10604,vrl
10605,bct
10606,vrl
10607,bct
10608,bct
10609,inv
10610,pln
10611,pln
10612,bct
10613,vrl
10614,pln
10615,bct
10616,bct
10617,vrt
10618,bct
10619,vrl
10620,vrl
10621,bct
10622,vrl
10623,pln
10624,pln
10625,pln
10626,vrt
10627,vrt
10628,vrl
10629,mam
10630,vrt
10631,pln
10632,pln
10633,bct
10634,vrt
10635,vrl
10636,pln
10637,vrl
10638,vrl
10639,inv
10640,pln
10641,bct
10642,bct
10643,vrt
10644,mam
10645,bct
10646,vrl
10647,pln
10648,vrl
10649,vrl
10650,vrl
10651,vrt
10652,pln
10653,inv
10654,vrl
10655,inv
10656,mam
10657,pln
10658,vrl
10659,vrl
10660,pln
10661,pln
10662,vrl
10663,pln
10664,vrt
10665,vrl
10666,bct
10667,vrt
10668,vrl
10669,pln
10670,vrl
10671,vrl
10672,pln
10673,inv
10674,vrl
10675,pln
10676,vrl
10677,bct
10678,bct
10679,bct
10680,pln
10681,bct
10682,pln
10683,vrl
10684,inv
10685,bct
10686,bct
10687,mam
10688,vrt
10689,vrl
10690,pln
10691,mam
10692,vrt
10693,vrt
10694,vrl
10695,bct
10696,inv
10697,pln
10698,vrt
10699,pln
10700,vrl
10701,bct
10702,bct
10703,pln
10704,vrl
10705,vrt
10706,bct
10707,vrl
10708,vrl
10709,bct
10710,vrl
10711,vrt
10712,vrl
10713,pln
10714,vrl
10715,pln
10716,vrl
10717,mam
10718,mam
10719,bct
10720,vrl
10721,pln
10722,bct
10723,bct
10724,pln
10725,vrt
10726,bct
10727,pln
10728,vrl
10729,vrl
10730,phg
10731,inv
10732,pln
10733,bct
10734,inv
10735,mam
10736,bct
10737,bct
10738,bct
10739,inv
10740,inv
10741,bct
10742,pln
10743,vrl
10744,pln
10745,bct
10746,vrl
10747,vrl
10748,pln
10749,vrt
10750,bct
10751,vrt
10752,vrt
10753,vrl
10754,pln
10755,vrt
10756,bct
10757,bct
10758,vrt
10759,vrt
10760,vrl
10761,vrl
10762,pln
10763,mam
10764,bct
10765,vrt
10766,vrl
10767,pri
10768,pln
10769,mam
10770,vrl
10771,pln
10772,vrt
10773,vrl
10774,vrl
10775,pln
10776,pln
10777,mam
10778,bct
10779,bct
10780,bct
10781,inv
10782,pln
10783,pln
10784,pln
10785,pln
10786,vrl
10787,bct
10788,vrl
10789,bct
10790,phg
10791,vrl
10792,bct
10793,pri
10794,bct
10795,bct
10796,vrl
10797,bct
10798,vrt
10799,vrt
10800,bct
10801,pri
10802,pln
10803,pln
10804,vrl
10805,bct
10806,vrl
10807,vrt
10808,vrt
10809,pln
10810,pln
10811,vrt
10812,vrt
10813,pln
10814,vrl
10815,mam
10816,bct
10817,vrl
10818,vrl
10819,vrl
10820,vrl
10821,pln
10822,inv
10823,vrt
10824,pln
10825,bct
10826,bct
10827,vrt
10828,vrl
10829,pln
10830,bct
10831,vrl
10832,mam
10833,vrl
10834,vrl
10835,mam
10836,vrt
10837,vrl
10838,bct
10839,bct
10840,inv
10841,bct
10842,vrt
10843,inv
10844,pri
10845,vrt
10846,vrt
10847,bct
10848,vrt
10849,phg
10850,bct
10851,inv
10852,vrt
10853,mam
10854,pln
10855,bct
10856,pln
10857,inv
10858,vrt
10859,mam
10860,bct
10861,pln
10862,inv
10863,bct
10864,pln
10865,bct
10866,vrt
10867,vrt
10868,vrl
10869,vrl
10870,inv
10871,vrl
10872,inv
10873,bct
10874,phg
10875,pln
10876,bct
10877,vrl
10878,bct
10879,bct
10880,pln
10881,arc
10882,vrl
10883,vrl
10884,vrl
10885,pln
10886,pln
10887,vrl
10888,pln
10889,pln
10890,pln
10891,inv
10892,vrt
10893,bct
10894,vrt
10895,vrt
10896,bct
10897,vrl
10898,bct
10899,mam
10900,vrl
10901,vrl
10902,pln
10903,pri
10904,vrl
10905,inv
10906,bct
10907,pln
10908,mam
10909,bct
10910,bct
10911,inv
10912,vrt
10913,vrt
10914,vrl
10915,vrl
10916,pln
10917,bct
10918,vrl
10919,vrt
10920,mam
10921,bct
10922,bct
10923,vrt
10924,vrl
10925,vrl
10926,vrl
10927,vrt
10928,bct
10929,rod
10930,pln
10931,vrl
10932,vrl
10933,vrl
10934,bct
10935,vrt
10936,vrt
10937,pln
10938,vrt
10939,inv
10940,bct
10941,bct
10942,pln
10943,vrt
10944,pln
10945,vrl
10946,vrl
10947,inv
10948,mam
10949,vrt
10950,bct
10951,bct
10952,pln
10953,vrl
10954,vrt
10955,bct
10956,pri
10957,inv
10958,bct
10959,pln
10960,bct
10961,vrt
10962,bct
10963,vrt
10964,vrt
10965,bct
10966,vrl
10967,bct
10968,bct
10969,vrl
10970,vrt
10971,bct
10972,inv
10973,vrt
10974,mam
10975,pln
10976,bct
10977,vrl
10978,pri
10979,pln
10980,vrl
10981,vrt
10982,bct
10983,vrl
10984,vrt
10985,bct
10986,vrl
10987,pln
10988,vrl
10989,vrt
10990,pln
10991,vrt
10992,vrl
10993,vrt
10994,pln
10995,vrl
10996,rod
10997,vrl
10998,bct
10999,pln
11000,inv
11001,inv
11002,pln
11003,bct
11004,bct
11005,vrt
11006,vrt
11007,vrl
11008,bct
11009,pln
11010,vrt
11011,pln
11012,pln
11013,vrl
11014,bct
11015,bct
11016,vrt
11017,pln
11018,vrl
11019,bct
11020,vrl
11021,vrt
11022,bct
11023,vrl
11024,vrt
11025,bct
11026,bct
11027,bct
11028,vrt
11029,vrt
11030,bct
11031,bct
11032,vrt
11033,vrl
11034,pln
11035,vrl
11036,inv
11037,vrl
11038,bct
11039,bct
11040,vrt
11041,bct
11042,pln
11043,bct
11044,vrl
11045,inv
11046,vrt
11047,inv
11048,vrl
11049,bct
11050,vrl
11051,pri
11052,pln
11053,vrl
11054,inv
11055,vrt
11056,vrl
11057,pln
11058,bct
11059,inv
11060,inv
11061,bct
11062,pln
11063,vrt
11064,vrt
11065,vrl
11066,vrt
11067,pln
11068,bct
11069,inv
11070,pln
11071,vrl
11072,vrl
11073,inv
11074,vrt
11075,vrt
11076,vrt
11077,pln
11078,bct
11079,bct
11080,pln
11081,bct
11082,pln
11083,bct
11084,inv
11085,inv
11086,vrt
11087,inv
11088,bct
11089,vrl
11090,pln
11091,bct
11092,vrt
11093,vrt
11094,bct
11095,pln
11096,inv
11097,pri
11098,pln
11099,bct
11100,vrl
11101,bct
11102,vrl
11103,mam
11104,pln
11105,bct
11106,vrl
11107,pln
11108,pln
11109,vrt
11110,pri
11111,vrl
11112,pln
11113,mam
11114,mam
11115,pln
11116,pln
11117,pln
11118,vrl
11119,inv
11120,vrt
11121,inv
11122,vrl
11123,bct
11124,pln
11125,vrl
11126,vrl
11127,vrl
11128,vrl
11129,pln
11130,bct
11131,bct
11132,vrl
11133,pln
11134,bct
11135,vrt
11136,mam
11137,pln
11138,vrl
11139,bct
11140,vrl
11141,pln
11142,bct
11143,vrt
11144,mam
11145,bct
11146,pln
11147,inv
11148,bct
11149,rod
11150,vrl
11151,bct
11152,bct
11153,bct
11154,bct
11155,vrl
11156,vrl
11157,vrl
11158,bct
11159,inv
11160,vrl
11161,pln
11162,inv
11163,vrt
11164,pln
11165,bct
11166,mam
11167,inv
11168,vrl
11169,vrt
11170,bct
11171,bct
11172,pln
11173,vrl
11174,bct
11175,vrt
11176,vrl
11177,bct
11178,vrt
11179,bct
11180,pln
11181,bct
11182,pln
11183,bct
11184,pln
11185,pln
11186,pln
11187,bct
11188,bct
11189,bct
11190,inv
11191,vrt
11192,pln
11193,vrt
11194,inv
11195,vrl
11196,bct
11197,inv
11198,vrt
11199,inv
11200,pln
11201,vrl
11202,mam
11203,pri
11204,pln
11205,bct
11206,vrl
11207,inv
11208,vrl
11209,bct
11210,bct
11211,bct
11212,bct
11213,vrt
11214,vrl
11215,vrt
11216,vrt
11217,pln
11218,bct
11219,vrl
11220,vrl
11221,inv
11222,vrt
11223,pln
11224,vrl
11225,bct
11226,vrl
11227,vrl
11228,rod
11229,inv
11230,bct
11231,pln
11232,vrt
11233,pln
11234,pln
11235,inv
11236,vrt
11237,vrl
11238,inv
11239,bct
11240,vrt
11241,bct
11242,pln
11243,pln
11244,vrl
11245,vrt
11246,vrt
11247,vrl
11248,vrt
11249,vrt
11250,inv
11251,pln
11252,pln
11253,bct
11254,vrt
11255,vrt
11256,vrt
11257,pln
11258,vrt
11259,bct
11260,arc
11261,vrl
11262,inv
11263,inv
11264,vrt
11265,pln
11266,bct
11267,vrt
11268,pln
11269,vrl
11270,inv
11271,pln
11272,vrl
11273,mam
11274,vrl
11275,inv
11276,vrt
11277,vrt
11278,vrl
11279,mam
11280,pln
11281,pln
11282,vrl
11283,bct
11284,bct
11285,vrl
11286,vrl
11287,bct
11288,rod
11289,vrl
11290,pln
11291,pln
11292,inv
11293,vrl
11294,vrl
11295,bct
11296,bct
11297,bct
11298,bct
11299,vrl
11300,bct
11301,bct
11302,bct
11303,phg
11304,bct
11305,vrl
11306,vrt
11307,vrt
11308,vrl
11309,vrl
11310,vrt
11311,vrt
11312,vrl
11313,bct
11314,vrl
11315,bct
11316,vrt
11317,inv
11318,bct
11319,pln
11320,mam
11321,pln
11322,vrt
11323,bct
11324,vrl
11325,vrt
11326,phg
11327,vrt
11328,vrl
11329,mam
11330,vrl
11331,pln
11332,bct
11333,vrt
11334,vrl
11335,mam
11336,pln
11337,bct
11338,bct
11339,bct
11340,bct
11341,vrt
11342,pln
11343,mam
11344,vrl
11345,pln
11346,vrt
11347,inv
11348,pln
11349,inv
11350,bct
11351,bct
11352,inv
11353,vrt
11354,rod
11355,vrl
11356,vrl
11357,vrl
11358,vrl
11359,bct
11360,bct
11361,bct
11362,bct
11363,bct
11364,bct
11365,vrl
11366,vrl
11367,phg
11368,rod
11369,bct
11370,pln
11371,pln
11372,vrl
11373,inv
11374,inv
11375,bct
11376,pln
11377,bct
11378,mam
11379,vrt
11380,pln
11381,pln
11382,vrl
11383,vrl
11384,inv
11385,pln
11386,inv
11387,vrt
11388,vrl
11389,rod
11390,vrt
11391,vrl
11392,inv
11393,rod
11394,vrt
11395,bct
11396,vrl
11397,pln
11398,mam
11399,bct
11400,bct
11401,bct
11402,vrl
11403,inv
11404,vrl
11405,bct
11406,bct
11407,vrl
11408,inv
11409,bct
11410,bct
11411,pln
11412,bct
11413,bct
11414,vrt
11415,vrl
11416,mam
11417,vrt
11418,vrt
11419,bct
11420,mam
11421,bct
11422,mam
11423,pri
11424,inv
11425,bct
11426,bct
11427,bct
11428,mam
11429,mam
11430,pln
11431,pln
11432,bct
11433,vrl
11434,pln
11435,bct
11436,pri
11437,inv
11438,vrt
11439,vrt
11440,bct
11441,mam
11442,pln
11443,pln
11444,vrt
11445,pln
11446,vrl
11447,inv
11448,inv
11449,vrl
11450,vrt
11451,vrt
11452,bct
11453,vrt
11454,vrl
11455,pln
11456,bct
11457,vrt
11458,pln
11459,vrt
11460,pln
11461,pln
11462,vrt
11463,vrt
11464,mam
11465,vrt
11466,inv
11467,vrt
11468,vrl
11469,bct
11470,vrl
11471,bct
11472,inv
11473,pln
11474,pln
11475,bct
11476,pln
11477,pln
11478,bct
11479,vrl
11480,vrl
11481,phg
11482,pln
11483,vrl
11484,vrt
11485,inv
11486,vrt
11487,vrt
11488,vrl
11489,bct
11490,pln
11491,vrl
11492,inv
11493,pln
11494,pln
11495,vrl
11496,mam
11497,bct
11498,pri
11499,vrl
11500,pln
11501,inv
11502,vrt
11503,inv
11504,pln
11505,vrt
11506,pln
11507,pln
11508,pri
11509,bct
11510,bct
11511,vrt
11512,vrt
11513,mam
11514,pln
11515,pln
11516,vrl
11517,bct
11518,vrl
11519,vrt
11520,mam
11521,pln
11522,vrl
11523,bct
11524,bct
11525,vrl
11526,vrl
11527,pln
11528,vrt
11529,pln
11530,bct
11531,pri
11532,bct
11533,vrt
11534,vrt
11535,vrt
11536,pln
11537,pln
11538,pln
11539,bct
11540,vrt
11541,pln
11542,vrt
11543,vrl
11544,pln
11545,vrl
11546,vrt
11547,bct
11548,pln
11549,bct
11550,vrl
11551,vrl
11552,bct
11553,pln
11554,pln
11555,pln
11556,vrt
11557,pln
11558,vrl
11559,bct
11560,bct
11561,vrt
11562,pln
11563,pln
11564,inv
11565,pln
11566,pln
11567,vrt
11568,pln
11569,bct
11570,pln
11571,pln
11572,vrt
11573,pln
11574,pln
11575,vrt
11576,vrl
11577,vrt
11578,vrt
11579,vrl
11580,bct
11581,pln
11582,vrt
11583,vrl
11584,pln
11585,pln
11586,pln
11587,vrt
11588,pln
11589,rod
11590,bct
11591,mam
11592,phg
11593,vrl
11594,vrl
11595,pln
11596,vrl
11597,pln
11598,pln
11599,pln
11600,vrt
11601,vrl
11602,vrt
11603,inv
11604,inv
11605,vrl
11606,vrt
11607,vrt
11608,pln
11609,vrl
11610,bct
11611,vrl
11612,bct
11613,pln
11614,pln
11615,inv
11616,vrt
11617,vrt
11618,pln
11619,bct
11620,vrt
11621,vrl
11622,bct
11623,vrt
11624,pln
11625,vrl
11626,inv
11627,pln
11628,pln
11629,vrt
11630,vrl
11631,vrl
11632,vrt
11633,vrt
11634,pln
11635,mam
11636,bct
11637,pln
11638,bct
11639,pln
11640,vrl
11641,pln
11642,mam
11643,inv
11644,vrt
11645,pln
11646,vrl
11647,rod
11648,bct
11649,vrt
11650,vrt
11651,inv
11652,bct
11653,mam
11654,vrl
11655,vrt
11656,inv
11657,pln
11658,vrl
11659,vrl
11660,vrt
11661,pln
11662,vrt
11663,inv
11664,vrl
11665,bct
11666,phg
11667,bct
11668,arc
11669,bct
11670,mam
11671,bct
11672,vrt
11673,pln
11674,pln
11675,vrt
11676,pln
11677,vrl
11678,vrt
11679,bct
11680,vrl
11681,pln
11682,pln
11683,vrt
11684,rod
11685,mam
11686,vrt
11687,vrt
11688,vrt
11689,pln
11690,bct
11691,pln
11692,phg
11693,vrl
11694,vrt
11695,pln
11696,pln
11697,mam
11698,inv
11699,bct
11700,inv
11701,vrl
11702,vrt
11703,pln
11704,phg
11705,bct
11706,vrt
11707,vrl
11708,vrt
11709,inv
11710,inv
11711,vrl
11712,vrt
11713,bct
11714,vrl
11715,vrl
11716,vrl
11717,vrl
11718,vrt
11719,pln
11720,vrl
11721,vrt
11722,inv
11723,vrl
11724,mam
11725,pln
11726,bct
11727,pln
11728,bct
11729,inv
11730,mam
11731,mam
11732,vrl
11733,arc
11734,vrt
11735,pln
11736,vrt
11737,bct
11738,pln
11739,vrt
11740,mam
11741,bct
11742,mam
11743,pln
11744,vrt
11745,mam
11746,pln
11747,vrl
11748,bct
11749,mam
11750,inv
11751,vrt
11752,vrt
11753,bct
11754,vrt
11755,pln
11756,inv
11757,bct
11758,inv
11759,bct
11760,inv
11761,vrt
11762,pln
11763,pln
11764,vrt
11765,pln
11766,vrt
11767,pri
11768,bct
11769,rod
11770,bct
11771,pln
11772,rod
11773,bct
11774,bct
11775,vrl
11776,bct
11777,bct
11778,inv
11779,vrl
11780,vrt
11781,inv
11782,vrt
11783,pln
11784,pln
11785,pln
11786,pln
11787,mam
11788,vrt
11789,mam
11790,pln
11791,vrt
11792,bct
11793,vrl
11794,inv
11795,inv
11796,pln
11797,vrt
11798,pln
11799,bct
11800,bct
11801,pln
11802,bct
11803,bct
11804,bct
11805,vrl
11806,mam
11807,pln
11808,vrl
11809,bct
11810,bct
11811,pln
11812,pln
11813,vrl
11814,bct
11815,vrt
11816,bct
11817,pln
11818,vrt
11819,pln
11820,bct
11821,bct
11822,vrl
11823,vrt
11824,vrl
11825,vrt
11826,inv
11827,pln
11828,vrt
11829,vrl
11830,pln
11831,mam
11832,bct
11833,mam
11834,pln
11835,vrt
11836,pln
11837,vrt
11838,bct
11839,pln
11840,vrl
11841,bct
11842,vrl
11843,bct
11844,bct
11845,pln
11846,inv
11847,pln
11848,bct
11849,inv
11850,inv
11851,bct
11852,vrl
11853,bct
11854,vrt
11855,vrt
11856,vrl
11857,phg
11858,bct
11859,vrl
11860,vrt
11861,pln
11862,pln
11863,vrl
11864,bct
11865,pln
11866,vrt
11867,bct
11868,inv
11869,bct
11870,vrl
11871,pln
11872,inv
11873,pln
11874,inv
11875,vrl
11876,bct
11877,pln
11878,inv
11879,inv
11880,bct
11881,vrt
11882,pln
11883,bct
11884,bct
11885,pln
11886,vrt
11887,mam
11888,bct
11889,vrt
11890,inv
11891,mam
11892,vrl
11893,pln
11894,vrl
11895,vrt
11896,bct
11897,inv
11898,inv
11899,vrt
11900,vrl
11901,pln
11902,bct
11903,bct
11904,pln
11905,vrl
11906,inv
11907,vrt
11908,pln
11909,bct
11910,pln
11911,inv
11912,vrt
11913,bct
11914,vrl
11915,vrl
11916,bct
11917,vrl
11918,bct
11919,phg
11920,pln
11921,bct
11922,bct
11923,inv
11924,bct
11925,inv
11926,vrt
11927,vrt
11928,pln
11929,vrt
11930,vrt
11931,bct
11932,inv
11933,bct
11934,bct
11935,bct
11936,vrl
11937,pln
11938,bct
11939,bct
11940,vrl
11941,bct
11942,vrt
11943,bct
11944,mam
11945,vrl
11946,bct
11947,vrt
11948,vrl
11949,pln
11950,pln
11951,vrt
11952,inv
11953,vrt
11954,vrl
11955,pln
11956,bct
11957,pln
11958,vrt
11959,vrt
11960,vrl
11961,vrt
11962,vrl
11963,vrt
11964,bct
11965,vrt
11966,pln
11967,vrl
11968,pln
11969,vrt
11970,bct
11971,pln
11972,vrt
11973,pln
11974,inv
11975,vrt
11976,inv
11977,bct
11978,inv
11979,phg
11980,inv
11981,vrl
11982,bct
11983,pln
11984,vrl
11985,rod
11986,bct
11987,vrt
11988,inv
11989,pln
11990,bct
11991,vrl
11992,vrl
11993,vrl
11994,bct
11995,pln
11996,vrl
11997,bct
11998,vrl
11999,bct
12000,vrt
12001,vrt
12002,vrl
12003,vrt
12004,vrt
12005,vrl
12006,inv
12007,bct
12008,vrl
12009,bct
12010,vrt
12011,mam
12012,vrt
12013,bct
12014,bct
12015,inv
12016,vrl
12017,vrl
12018,pln
12019,vrt
12020,vrl
12021,bct
12022,bct
12023,vrl
12024,bct
12025,vrl
12026,bct
12027,inv
12028,pln
12029,bct
12030,vrt
12031,vrl
12032,vrl
12033,phg
12034,inv
12035,vrl
12036,vrl
12037,vrl
12038,bct
12039,pln
12040,bct
12041,vrt
12042,mam
12043,inv
12044,inv
12045,inv
12046,pln
12047,bct
12048,vrl
12049,vrt
12050,bct
12051,vrl
12052,bct
12053,vrl
12054,inv
12055,vrt
12056,vrl
12057,inv
12058,vrl
12059,pln
12060,bct
12061,vrl
12062,bct
12063,bct
12064,vrt
12065,vrl
12066,pln
12067,bct
12068,vrt
12069,vrl
12070,bct
12071,pln
12072,vrt
12073,bct
12074,bct
12075,vrl
12076,vrt
12077,pln
12078,pln
12079,vrl
12080,bct
12081,bct
12082,bct
12083,pln
12084,vrl
12085,vrt
12086,vrl
12087,inv
12088,bct
12089,bct
12090,inv
12091,pln
12092,vrl
12093,vrl
12094,pln
12095,vrl
12096,pln
12097,bct
12098,vrt
12099,bct
12100,bct
12101,pln
12102,pln
12103,vrt
12104,pln
12105,rod
12106,bct
12107,vrl
12108,pln
12109,vrl
12110,vrl
12111,vrl
12112,vrl
12113,pln
12114,pln
12115,bct
12116,bct
12117,vrl
12118,bct
12119,pln
12120,arc
12121,vrl
12122,vrt
12123,pln
12124,vrl
12125,vrt
12126,vrl
12127,bct
12128,pln
12129,bct
12130,pln
12131,pln
12132,vrl
12133,bct
12134,inv
12135,vrt
12136,inv
12137,vrl
12138,inv
12139,bct
12140,vrt
12141,vrl
12142,vrt
12143,pln
12144,vrt
12145,vrl
12146,pri
12147,vrl
12148,mam
12149,vrl
12150,pln
12151,vrt
12152,bct
12153,pln
12154,bct
12155,vrl
12156,bct
12157,bct
12158,pln
12159,vrt
12160,vrl
12161,vrl
12162,vrt
12163,inv
12164,vrl
12165,inv
12166,pln
12167,bct
12168,inv
12169,phg
12170,bct
12171,pln
12172,bct
12173,pln
12174,vrl
12175,vrt
12176,mam
12177,vrl
12178,vrt
12179,bct
12180,vrl
12181,pri
12182,inv
12183,vrt
12184,bct
12185,vrl
12186,pln
12187,pln
12188,bct
12189,vrl
12190,pln
12191,vrl
12192,bct
12193,inv
12194,bct
12195,vrt
12196,vrl
12197,pln
12198,bct
12199,bct
12200,bct
12201,vrl
12202,inv
12203,pln
12204,pln
12205,bct
12206,vrl
12207,bct
12208,inv
12209,pln
12210,vrt
12211,pln
12212,bct
12213,bct
12214,pln
12215,bct
12216,bct
12217,inv
12218,vrl
12219,pln
12220,pln
12221,vrt
12222,vrt
12223,bct
12224,bct
12225,bct
12226,inv
12227,vrt
12228,vrl
12229,pln
12230,mam
12231,bct
12232,pln
12233,vrt
12234,vrl
12235,bct
12236,vrl
12237,vrt
12238,pln
12239,bct
12240,vrl
12241,vrt
12242,pln
12243,inv
12244,pln
12245,vrt
12246,pln
12247,inv
12248,vrl
12249,vrl
12250,phg
12251,bct
12252,pln
12253,pln
12254,pln
12255,mam
12256,vrl
12257,bct
12258,bct
12259,vrt
12260,bct
12261,vrl
12262,vrt
12263,vrl
12264,vrl
12265,bct
12266,vrl
12267,bct
12268,bct
12269,vrt
12270,bct
12271,vrl
12272,vrt
12273,vrl
12274,pln
12275,vrl
12276,pln
12277,pln
12278,vrl
12279,inv
12280,vrt
12281,pln
12282,pln
12283,vrl
12284,bct
12285,pri
12286,pln
12287,bct
12288,vrl
12289,bct
12290,vrl
12291,bct
12292,bct
12293,vrt
12294,inv
12295,bct
12296,pln
12297,vrl
12298,pln
12299,mam
12300,bct
12301,bct
12302,vrl
12303,bct
12304,vrt
12305,bct
12306,vrl
12307,pln
12308,vrt
12309,bct
12310,vrt
12311,vrt
12312,vrl
12313,vrt
12314,vrl
12315,mam
12316,mam
12317,bct
12318,vrt
12319,pln
12320,bct
12321,vrl
12322,pln
12323,inv
12324,phg
12325,vrt
12326,bct
12327,vrt
12328,pln
12329,bct
12330,vrl
12331,vrl
12332,vrt
12333,vrt
12334,vrl
12335,bct
12336,inv
12337,pri
12338,mam
12339,pln
12340,pln
12341,vrl
12342,bct
12343,vrl
12344,inv
12345,vrt
12346,inv
12347,inv
12348,bct
12349,vrl
12350,bct
12351,inv
12352,vrt
12353,vrt
12354,vrt
12355,vrl
12356,pln
12357,phg
12358,bct
12359,arc
12360,rod
12361,vrl
12362,vrt
12363,arc
12364,mam
12365,pln
12366,bct
12367,pln
12368,bct
12369,bct
12370,vrt
12371,vrt
12372,pln
12373,vrl
12374,vrl
12375,mam
12376,bct
12377,inv
12378,vrt
12379,pln
12380,vrt
12381,pln
12382,vrl
12383,bct
12384,bct
12385,vrl
12386,pln
12387,pln
12388,vrl
12389,vrl
12390,vrl
12391,bct
12392,vrt
12393,bct
12394,mam
12395,vrl
12396,pln
12397,inv
12398,bct
12399,bct
12400,pln
12401,vrt
12402,bct
12403,vrl
12404,vrl
12405,pln
12406,pln
12407,vrt
12408,inv
12409,bct
12410,vrt
12411,vrl
12412,vrl
12413,vrl
12414,bct
12415,pln
12416,vrt
12417,phg
12418,bct
12419,vrl
12420,vrl
12421,bct
12422,pln
12423,bct
12424,bct
12425,rod
12426,pln
12427,mam
12428,bct
12429,pln
12430,bct
12431,mam
12432,pln
12433,bct
12434,bct
12435,pln
12436,bct
12437,pln
12438,vrl
12439,vrt
12440,vrt
12441,bct
12442,vrt
12443,vrl
12444,pln
12445,vrl
12446,vrl
12447,rod
12448,phg
12449,vrt
12450,vrt
12451,bct
12452,vrl
12453,vrl
12454,mam
12455,pln
12456,vrl
12457,mam
12458,pln
12459,vrt
12460,inv
12461,vrl
12462,vrl
12463,bct
12464,vrl
12465,vrl
12466,vrl
12467,bct
12468,vrt
12469,pln
12470,vrt
12471,pln
12472,inv
12473,bct
12474,vrt
12475,vrt
12476,vrt
12477,bct
12478,vrt
12479,pln
12480,pln
12481,vrl
12482,inv
12483,vrt
12484,pln
12485,bct
12486,bct
12487,bct
12488,arc
12489,vrt
12490,inv
12491,bct
12492,bct
12493,vrl
12494,mam
12495,bct
12496,pln
12497,phg
12498,phg
12499,vrt
12500,bct
12501,vrt
12502,vrt
12503,vrt
12504,vrl
12505,vrl
12506,bct
12507,bct
12508,inv
12509,mam
12510,vrt
12511,vrl
12512,pln
12513,pln
12514,inv
12515,vrl
12516,bct
12517,pln
12518,pln
12519,vrt
12520,pln
12521,pln
12522,vrt
12523,vrt
12524,vrl
12525,vrl
12526,bct
12527,vrl
12528,vrt
12529,pln
12530,vrt
12531,pln
12532,vrl
12533,vrl
12534,mam
12535,bct
12536,pln
12537,vrt
12538,vrt
12539,vrl
12540,mam
12541,vrt
12542,pln
12543,bct
12544,vrt
12545,pln
12546,pln
12547,bct
12548,bct
12549,inv
12550,vrl
12551,bct
12552,pln
12553,bct
12554,vrl
12555,pln
12556,bct
12557,inv
12558,pln
12559,inv
12560,bct
12561,pln
12562,vrl
12563,vrl
12564,pri
12565,vrl
12566,vrt
12567,vrt
12568,pln
12569,vrl
12570,bct
12571,pln
12572,pri
12573,bct
12574,pln
12575,bct
12576,pln
12577,bct
12578,vrt
12579,pln
12580,mam
12581,bct
12582,vrl
12583,bct
12584,vrt
12585,bct
12586,pln
12587,bct
12588,bct
12589,vrl
12590,bct
12591,inv
12592,bct
12593,vrt
12594,bct
12595,vrt
12596,vrt
12597,vrl
12598,pln
12599,vrt
12600,vrt
12601,vrt
12602,inv
12603,vrt
12604,vrl
12605,arc
12606,vrl
12607,vrl
12608,vrl
12609,inv
12610,vrl
12611,vrl
12612,bct
12613,mam
12614,bct
12615,vrl
12616,bct
12617,pln
12618,bct
12619,vrl
12620,inv
12621,inv
12622,vrt
12623,pln
12624,vrt
12625,bct
12626,pln
12627,pln
12628,pln
12629,inv
12630,rod
12631,mam
12632,inv
12633,bct
12634,inv
12635,bct
12636,vrl
12637,vrl
12638,pln
12639,bct
12640,vrt
12641,vrl
12642,phg
12643,pln
12644,bct
12645,pln
12646,pln
12647,bct
12648,bct
12649,inv
12650,pln
12651,bct
12652,bct
12653,pln
12654,pln
12655,bct
12656,bct
12657,vrt
12658,pri
12659,bct
12660,vrt
12661,arc
12662,vrt
12663,pln
12664,inv
12665,vrl
12666,bct
12667,vrl
12668,pln
12669,mam
12670,vrt
12671,bct
12672,bct
12673,mam
12674,vrl
12675,vrt
12676,pln
12677,pln
12678,vrl
12679,vrl
12680,vrt
12681,pln
12682,vrt
12683,pln
12684,bct
12685,vrt
12686,vrl
12687,vrt
12688,bct
12689,inv
12690,bct
12691,vrt
12692,mam
12693,pln
12694,bct
12695,vrt
12696,pln
12697,vrt
12698,vrl
12699,bct
12700,bct
12701,pln
12702,vrt
12703,pln
12704,pln
12705,pln
12706,inv
12707,bct
12708,vrl
12709,bct
12710,vrl
12711,vrl
12712,pln
12713,bct
12714,vrt
12715,vrl
12716,inv
12717,bct
12718,vrl
12719,vrl
12720,vrt
12721,vrl
12722,pln
12723,vrl
12724,inv
12725,bct
12726,bct
12727,bct
12728,arc
12729,pln
12730,vrt
12731,bct
12732,vrt
12733,vrl
12734,vrl
12735,vrl
12736,phg
12737,vrt
12738,vrl
12739,inv
12740,mam
12741,pln
12742,pln
12743,pln
12744,vrl
12745,vrl
12746,pln
12747,vrl
12748,bct
12749,pln
12750,pln
12751,inv
12752,bct
12753,pln
12754,vrl
12755,pln
12756,vrl
12757,vrt
12758,bct
12759,pln
12760,vrl
12761,bct
12762,bct
12763,pln
12764,vrt
12765,vrl
12766,pln
12767,mam
12768,inv
12769,mam
12770,mam
12771,bct
12772,bct
12773,vrt
12774,pln
12775,pln
12776,inv
12777,pln
12778,bct
12779,pln
12780,pln
12781,bct
12782,pri
12783,vrt
12784,vrl
12785,pln
12786,bct
12787,pln
12788,bct
12789,vrl
12790,bct
12791,vrt
12792,bct
12793,bct
12794,bct
12795,vrt
12796,vrl
12797,inv
12798,pln
12799,vrt
12800,vrl
12801,vrt
12802,bct
12803,bct
12804,bct
12805,pln
12806,phg
12807,vrt
12808,inv
12809,pln
12810,pln
12811,phg
12812,inv
12813,vrl
12814,pln
12815,mam
12816,vrt
12817,vrl
12818,vrl
12819,mam
12820,vrt
12821,vrl
12822,inv
12823,bct
12824,arc
12825,vrl
12826,vrl
12827,bct
12828,pln
12829,vrl
12830,bct
12831,bct
12832,pln
12833,bct
12834,vrl
12835,vrl
12836,vrl
12837,bct
12838,inv
12839,vrl
12840,vrl
12841,bct
12842,pln
12843,bct
12844,vrt
12845,vrt
12846,bct
12847,vrt
12848,pln
12849,vrl
12850,bct
12851,vrt
12852,pln
12853,vrl
12854,pln
12855,pln
12856,vrt
12857,pln
12858,vrt
12859,vrt
12860,pln
12861,vrl
12862,vrl
12863,inv
12864,vrl
12865,bct
12866,rod
12867,vrt
12868,pln
12869,vrl
12870,inv
12871,inv
12872,pln
12873,vrl
12874,bct
12875,pln
12876,pln
12877,bct
12878,mam
12879,vrt
12880,vrl
12881,vrl
12882,vrt
12883,phg
12884,pln
12885,inv
12886,pln
12887,pln
12888,vrl
12889,vrl
12890,bct
12891,vrl
12892,pln
12893,pln
12894,pln
12895,pln
12896,bct
12897,pln
12898,pln
12899,vrl
12900,vrl
12901,pln
12902,vrl
12903,mam
12904,pln
12905,vrt
12906,pln
12907,bct
12908,vrl
12909,bct
12910,vrt
12911,bct
12912,vrl
12913,mam
12914,pln
12915,vrt
12916,pln
12917,bct
12918,vrt
12919,vrl
12920,vrl
12921,rod
12922,vrl
12923,bct
12924,inv
12925,bct
12926,bct
12927,vrt
12928,vrl
12929,pln
12930,mam
12931,vrl
12932,pln
12933,pln
12934,bct
12935,vrt
12936,vrl
12937,pln
12938,bct
